id,title,company,location,salary_min,salary_max,salary_mid,query,month
5672917904,Data Analyst,"Canadian Tire Corporation, Limited","Toronto, Ontario",,,,data analyst,2026-03
5672917886,Data Analyst,Canadian Tire,"Toronto, Ontario",,,,data analyst,2026-03
5672917908,Data Analyst,Canadian Tire Corporation,"Toronto, Ontario",,,,data analyst,2026-03
5646943292,Data Analyst,Initiate,"Toronto, Ontario",140000.0,,140000.0,data analyst,2026-02
5644001179,Data Analyst,Vretta,"Toronto, Ontario",,,,data analyst,2026-02
5648925676,Data Analyst,Emergitel,"Trinity, City of Toronto",,,,data analyst,2026-02
5081281067,Data Analyst,Theapplabb,"Central Bay Street, City of Toronto",,,,data analyst,2025-03
5641500399,Data Analyst,Konrad,"Toronto, Ontario",75000.0,100000.0,87500.0,data analyst,2026-02
5185880064,Data Analyst,Insight Global,"Toronto, Ontario",,,,data analyst,2025-05
5670496248,Data Analyst,Independent Mechanical Supply Inc.,"Toronto, Ontario",,,,data analyst,2026-03
5662065001,Data Analyst,Canadian Tire Corporation,"Toronto, Ontario",53000.0,88000.0,70500.0,data analyst,2026-03
5646435700,Data Analyst,Hive.Co,"Toronto, Ontario",80000.0,110000.0,95000.0,data analyst,2026-02
5665738633,Data Analyst,Ensemble,"Toronto, Ontario",,,,data analyst,2026-03
5615192487,Data Analyst,Lyft,"Toronto, Ontario",,,,data analyst,2026-02
5667939157,Data Analyst Intern,Jonas Software,"Toronto, Ontario",41600.0,47840.0,44720.0,data analyst,2026-03
5576218504,"Data Analyst, Growth",Hellofresh,"Toronto, Ontario",95000.0,110000.0,102500.0,data analyst,2026-01
5636367229,Senior Data Analyst,Konrad,"Toronto, Ontario",105000.0,115000.0,110000.0,data analyst,2026-02
5648994614,"Data Analyst, Finance",7Shifts,"Toronto, Ontario",,,,data analyst,2026-02
5665756867,Data Analyst Iii,Mercor,"Toronto, Ontario",,,,data analyst,2026-03
5262971415,Senior Data Analyst,Kimaru Talent,"Toronto, Ontario",,,,data analyst,2025-06
5648927111,Product Data Analyst,Gs1 Canada,"Lawrence Park, City of Toronto",65000.0,90000.0,77500.0,data analyst,2026-02
5595944615,Senior Data Analyst,Felix,"Toronto, Ontario",85000.0,115000.0,100000.0,data analyst,2026-01
5650441083,Lead Data Analyst,Tripledot,"Toronto, Ontario",90000.0,110000.0,100000.0,data analyst,2026-03
5658737746,Product Data Analyst,Docebo,"Toronto, Ontario",99400.0,132500.0,115950.0,data analyst,2026-03
5664477686,Senior Data Analyst,Expleo,"Summerhill, City of Toronto",,,,data analyst,2026-03
5657977208,"Manager, Data Analyst",Changemakers,"King and Spadina, City of Toronto",64000.0,90000.0,77000.0,data analyst,2026-03
5657399946,"Manager, Data Analyst",Believeco Partners Ltd,"Toronto, Ontario",,,,data analyst,2026-03
5625674010,"Data Analyst, Pricing",Lyft,"Toronto, Ontario",,,,data analyst,2026-02
5674597911,Data Analyst Ii,Uken Games,"Toronto, Ontario",80000.0,90000.0,85000.0,data analyst,2026-03
4801364754,Data Analyst / Business Analyst (Data),Dallas It,"Toronto, Ontario",,,,data analyst,2024-07
5672847041,Data Analyst (Etl / Coding),Recrute Action,"Church and Wellesley, City of Toronto",72800.0,89440.0,81120.0,data analyst,2026-03
5655444587,Data Analyst & It Support,Tayco,"Etobicoke, Toronto",50000.0,60000.0,55000.0,data analyst,2026-03
5613284018,"Compliance Data Analyst, Temporary",Aviso Wealth,"Commerce Court, City of Toronto",68000.0,78000.0,73000.0,data analyst,2026-02
5616026992,"Senior Associate, Data Analyst",Capital One,"Toronto, Ontario",,,,data analyst,2026-02
5662800446,Intern - Bi/Data Analyst,Kensington,"Toronto, Ontario",,,,data analyst,2026-03
5657400875,Data Analyst & It Support,Tayco,"Etobicoke, Toronto",,,,data analyst,2026-03
4801364839,"Big Data Analyst, Insurtech",Fintech Recruiters,"Toronto, Ontario",,,,data analyst,2024-07
5626454311,Bi Developer / Data Analyst,Kensington,"Toronto, Ontario",,,,data analyst,2026-02
5552056954,Lead Financial Data Analyst,Simcorp,"Toronto, Ontario",,,,data analyst,2025-12
5640467517,Data Analyst - Player Success,Zynga,"Toronto, Ontario",,,,data analyst,2026-02
5664826813,Sr. It Data Analyst,Td Bank,"Toronto, Ontario",,,,data analyst,2026-03
5657400829,"Compliance Data Analyst, Temporary",Aviso Wealth,"Toronto, Ontario",,,,data analyst,2026-03
5659647309,"Data Analyst – Sql, Data Pipelines & Ai",Recrute Action,"Church and Wellesley, City of Toronto",104000.0,118560.0,111280.0,data analyst,2026-03
5668963162,"Data Analyst - Tableau, Power Bi",Astra North Infoteck Inc.,"Toronto, Ontario",10000.0,,10000.0,data analyst,2026-03
5513772651,Staff Product Data Analyst (Hybrid),Big Viking Games,"Toronto, Ontario",,,,data analyst,2025-11
5670369810,"Senior Data Analyst, 3D Design Data",Autodesk,"Toronto, Ontario",,,,data analyst,2026-03
5565034086,Data Analyst - Mapping Level 2,Poly Services Group,"Scarborough, Toronto",,,,data analyst,2026-01
5673548829,"Data Analyst, Ontario & Atlantic Tax",Kpmg,"Toronto, Ontario",,,,data analyst,2026-03
5643381491,Staff Product Data Analyst (Hybrid),Big Viking Games,"Toronto, Ontario",,,,data analyst,2026-02
5646625654,"Financial Data Analyst, Payments Health",Stripe,"Toronto, Ontario",,,,data analyst,2026-02
5658158554,Data Analyst,Bayshore Healthcare,"Markham, York region",,,,data analyst,2026-03
5672920376,Business Data Analyst,Reyes Holdings,"Mississauga, Peel region",,,,data analyst,2026-03
5672920744,Senior Bi/Data Analyst,Iko,"Mississauga, Peel region",,,,data analyst,2026-03
5672920710,Senior Bi/Data Analyst,Iko,"Mississauga, Peel region",,,,data analyst,2026-03
5649066917,Data Analyst,Versabank,"London, Middlesex",,,,data analyst,2026-02
5650423213,Data Analyst,Versabank,"London, Middlesex",,,,data analyst,2026-03
5654093435,Data Analyst,407 International,"Ontario, Canada",65000.0,90000.0,77500.0,data analyst,2026-03
5652842605,Data Analyst,Tangam Systems,"Waterloo region, Ontario",,,,data analyst,2026-03
5673514120,Data Analyst,Co-Operators Career,"Guelph, Wellington region",60574.0,100956.0,80765.0,data analyst,2026-03
5636442293,Data Analyst,Maxon Computer,"Waterloo region, Ontario",,,,data analyst,2026-02
5655988891,Data Analyst,Stanley Black And Decker,"Mississauga, Peel region",,,,data analyst,2026-03
5672920733,Data Management Analyst,Iko,"Mississauga, Peel region",,,,data analyst,2026-03
5647695076,Icqa Data Analyst,"Amazon Canada Fulfillment Services, Ulc.","Cambridge, Waterloo region",,,,data analyst,2026-02
5666261193,Marketing Data Analyst,Macdonald Search Group,"Ottawa, Ottawa region",92000.0,102000.0,97000.0,data analyst,2026-03
5619922430,Payroll Data Analyst,Carepartners,"Waterloo region, Ontario",,,,data analyst,2026-02
5662691766,Lead Data Analyst,Green Brick Labs,"Waterloo region, Ontario",,,,data analyst,2026-03
5674549573,Logistics Data Analyst,Enercare,"Markham, York region",69136.0,110618.0,89877.0,data analyst,2026-03
5634171855,Business Data Analyst,Reyes Holdings Llc,"Mississauga, Peel region",,,,data analyst,2026-02
5655407410,Senior Data Analyst,Co-Operators,"Burlington, Halton",,,,data analyst,2026-03
5635708803,Business Data Analyst,Reyes Holdings,"Mississauga, Peel region",,,,data analyst,2026-02
4962287616,Business Data Analyst,Rideco,"Waterloo, Waterloo region",80000.0,90000.0,85000.0,data analyst,2024-12
5623051915,Senior Data Analyst,Textnow,"Ontario, Canada",,,,data analyst,2026-02
5541634861,Fp&A Data Analyst,Dillon Consulting Limited,"London, Middlesex",,,,data analyst,2025-12
5671226456,Business Data Analyst,Mckesson,"Mississauga, Peel region",,,,data analyst,2026-03
5672920835,Payroll Data Analyst,Sobeys,"Calgary, Calgary region",,,,data analyst,2026-03
5672920753,Payroll Data Analyst,Sobeys,"Stellarton, Pictou region",,,,data analyst,2026-03
5673674675,Data Analyst,Ssense,"Montréal, Québec",,,,data analyst,2026-03
5558646828,Data Analyst,Fireno,Canada,54080.0,58240.0,56160.0,data analyst,2025-12
5615854538,Data Analyst,Layerzero Labs,"Greater Vancouver, British Columbia",,,,data analyst,2026-02
5674451232,Data Analyst,Cgi,"Halifax region, Nova Scotia",60000.0,120000.0,90000.0,data analyst,2026-03
5658791218,Data Analyst,Amy Jensen,"Greater Vancouver, British Columbia",,,,data analyst,2026-03
5658791211,Data Analyst,Amy Jensen,"Greater Vancouver, British Columbia",,,,data analyst,2026-03
5675084970,Data Analyst,Ssense,"Montréal, Québec",,,,data analyst,2026-03
5570696046,Data Analyst,The Csl Group Inc,"Westmount, Montréal",,,,data analyst,2026-01
4801371680,Data Analyst,Central Business Solutions,"Verdun, Montréal",,,,data analyst,2024-07
5609227776,Data Analyst,Bird Construction,"Calgary, Calgary region",,,,data analyst,2026-02
5657891543,Data Analyst,Vetpartners,Canada,,,,data analyst,2026-03
5661434661,Data Analyst,Actalent,"North Vancouver, Greater Vancouver",,,,data analyst,2026-03
5664125203,Data Analyst,University Of British Columbia,"Greater Vancouver, British Columbia",6251.0,8986.0,7618.5,data analyst,2026-03
5626385993,Data Analyst,Akamai,Canada,,,,data analyst,2026-02
5627217486,Data Analyst,"Akamai Technologies, Inc.",Canada,,,,data analyst,2026-02
5641554437,Data Analyst,Agrifoods International Cooperative Ltd,"Burnaby, Greater Vancouver",,,,data analyst,2026-02
5661284538,Data Analyst,Aston Carter,"Calgary, Calgary region",,,,data analyst,2026-03
5648975872,Data Analyst,Optrust,Canada,73792.0,85720.0,79756.0,data analyst,2026-02
5674607887,Data Analyst,Sun Life,Canada,,,,data analyst,2026-03
5660122797,Data Analyst,Aston Carter,"Calgary, Calgary region",,,,data analyst,2026-03
5645940248,Data Analyst,Hive.Co,Canada,80000.0,110000.0,95000.0,data analyst,2026-02
5660112031,Data Analyst,Nfi Parts,"Winnipeg, Winnipeg region",,,,data analyst,2026-03
5672917952,Category Business Analyst ( Evergreen),Canadian Tire,"Toronto, Ontario",,,,business analyst,2026-03
5655725767,Business Analyst,Mevotech,"Roselawn, City of Toronto",,,,business analyst,2026-03
5601914604,Business Analyst,Prophix,"Etobicoke, Toronto",70000.0,85000.0,77500.0,business analyst,2026-01
5119983359,Business Analyst,Worldhire,"Toronto, Ontario",,,,business analyst,2025-03
5617894278,Business Analyst,Hirevouch,"Commerce Court, City of Toronto",,,,business analyst,2026-02
5642209380,Business Analyst,Hirevouch,"Toronto, Ontario",,,,business analyst,2026-02
5645786844,Business Analyst,Insight Global,"Toronto, Ontario",,,,business analyst,2026-02
5590648224,Business Analyst,Kye Pharmaceuticals,"North York, Toronto",65000.0,95000.0,80000.0,business analyst,2026-01
5668465444,Business Analyst,Kye Pharmaceuticals,"Toronto, Ontario",,,,business analyst,2026-03
5641498832,Business Analyst,Virtusa,"Toronto, Ontario",,,,business analyst,2026-02
5650516991,Business Analyst,Coca-Cola Canada Bottling Limited,"Toronto, Ontario",,,,business analyst,2026-03
5665977074,Business Analyst,Humber River Health,"Toronto, Ontario",,,,business analyst,2026-03
5547395987,Business Analyst,Momentum Financial Services Group,"Toronto, Ontario",,,,business analyst,2025-12
5657874964,Business Analyst,Mevotech,"Roselawn, City of Toronto",70000.0,75000.0,72500.0,business analyst,2026-03
5657398156,Business Analyst,Mevotech,"Toronto, Ontario",70000.0,75000.0,72500.0,business analyst,2026-03
5500612644,Business Analyst,Vretta,"Toronto, Ontario",,,,business analyst,2025-11
5634927413,Business Analyst,Releady,"Toronto, Ontario",,,,business analyst,2026-02
5669970460,Business Analyst,Rakuten,"Toronto, Ontario",,,,business analyst,2026-03
5672900389,Business Analyst,Tekstaff It Solutions,"Toronto, Ontario",124800.0,216320.0,170560.0,business analyst,2026-03
5648439684,Business Analyst,Prophix,"Etobicoke, Toronto",,,,business analyst,2026-02
5672449540,Business Analyst,Bmo,"Toronto, Ontario",,,,business analyst,2026-03
4801412808,Business Analyst,Suag Center,"King and Spadina, City of Toronto",,,,business analyst,2024-07
5638518027,Business Analyst,Amynta Agency,"Toronto, Ontario",,,,business analyst,2026-02
4330094488,Business Analyst,Insight Global,"Toronto, Ontario",,,,business analyst,2023-09
5664014734,Business Analyst,Virtusa,"Toronto, Ontario",,,,business analyst,2026-03
5580751716,Business Analyst,Virtusa,"Toronto, Ontario",,,,business analyst,2026-01
5669134492,Senior Business Analyst,Vdart Inc,"Regent Park, City of Toronto",116480.0,120640.0,118560.0,business analyst,2026-03
5671778715,Sr. Business Analyst,Krissilas Group Inc,"Toronto, Ontario",156000.0,187200.0,171600.0,business analyst,2026-03
5595723594,Lead Business Analyst,Virtusa,"Toronto, Ontario",,,,business analyst,2026-01
5655407034,Sr. Business Analyst,Aecon Group Inc.,"Toronto, Ontario",,,,business analyst,2026-03
5651689279,Senior Business Analyst,Raise,"Toronto, Ontario",,,,business analyst,2026-03
5667915648,"Business Analyst, Investly",Fidelity International,"Toronto, Ontario",,,,business analyst,2026-03
5120006969,Business Analyst - Payments,Worldhire,"Toronto, Ontario",,,,business analyst,2025-03
5646461307,Iam Business Analyst,Releady,"Toronto, Ontario",,,,business analyst,2026-02
5672905288,Rq10047 - Business Analyst,Flexstaf It,"Toronto, Ontario",,,,business analyst,2026-03
5662096278,Senior Business Analyst,Td,"Toronto, Ontario",,,,business analyst,2026-03
5517922935,Senior Business Analyst,Choice Properties General Partnership,"Toronto, Ontario",78120.0,107415.0,92767.5,business analyst,2025-11
5628360003,Senior Business Analyst,Releady,"Toronto, Ontario",,,,business analyst,2026-02
4801359829,"Business Analyst, Ca",Lifescience Dynamics,"Toronto, Ontario",,,,business analyst,2024-07
5665024202,Senior Business Analyst,Releady,"Toronto, Ontario",,,,business analyst,2026-03
5641520344,Senior Business Analyst,Gs1 Canada,"Lawrence Park, City of Toronto",90000.0,110000.0,100000.0,business analyst,2026-02
5659603446,Senior Business Analyst,Hire Values,"Toronto, Ontario",,,,business analyst,2026-03
5673551358,Business Analyst For Metal,Bmo,"Toronto, Ontario",,,,business analyst,2026-03
5667913455,Sr. Business Analyst,Cgi,"Toronto, Ontario",80000.0,130000.0,105000.0,business analyst,2026-03
5359434857,Junior Business Analyst,Insight Global,"Toronto, Ontario",,,,business analyst,2025-08
5654277721,Senior Guidewire Business Analyst,Maarut,"East York, Toronto",,,,business analyst,2026-03
5669755343,Rq10812 - Business Analyst - Senior,Maarut,"East York, Toronto",,,,business analyst,2026-03
5670383234,Business Analyst - Capital Markets,Astra North Infoteck Inc.,"Toronto, Ontario",10000.0,,10000.0,business analyst,2026-03
5627221277,Rq10406 - Business Analyst - Senior,Source Code,"Toronto, Ontario",,,,business analyst,2026-02
5648327682,Business Analyst – Ai Products,Astra North Infoteck Inc.,"Toronto, Ontario",10000.0,,10000.0,business analyst,2026-02
5672921097,Senior Business Analyst,Iko,"Mississauga, Peel region",,,,business analyst,2026-03
5284261833,Business Analyst,Workhoppers,"Hamilton region, Ontario",,,,business analyst,2025-07
5649427660,Business Analyst,Insight Global,"Woodbridge, York region",,,,business analyst,2026-02
5672282532,Business Analyst,Ecycle,"Brampton, Peel region",,,,business analyst,2026-03
5658034764,Business Analyst,City Of Mississauga,"Mississauga, Peel region",,,,business analyst,2026-03
5665646839,Business Analyst,Bgis,"Markham, York region",60505.0,75633.0,68069.0,business analyst,2026-03
5649067267,Business Analyst,Bgis,"Markham, York region",,,,business analyst,2026-02
5656642717,Business Analyst,Metro Supply Chain,"Mississauga, Peel region",,,,business analyst,2026-03
5585567537,Business Analyst,"Ntt Data Americas, Inc.","Tiverton, Bruce region",,,,business analyst,2026-01
5567249433,Business Analyst,Bgis,"Ottawa, Ottawa region",75374.0,94218.0,84796.0,business analyst,2026-01
5586377550,Business Analyst,Enercare,"Markham, York region",,,,business analyst,2026-01
5658779488,Business Analyst,Bgis,"Ottawa, Ottawa region",,,,business analyst,2026-03
5660134201,Business Intelligence Analyst,Bayshore Healthcare,"Mississauga, Peel region",,,,business analyst,2026-03
5672917992,"Business Analyst Student, Bolton Dc (12 Months) - Summer 2026",Canadian Tire,"Bolton, Peel region",,,,business analyst,2026-03
5672917966,"Business Analyst Student, Domestic Transportation (12 Months) - Summer 2026","Canadian Tire Corporation, Limited","Mississauga, Peel region",,,,business analyst,2026-03
5672917961,"Business Analyst Student, Domestic Transportation (12 Months) - Summer 2026",Canadian Tire,"Mississauga, Peel region",,,,business analyst,2026-03
5657397884,It Business Analyst,Sethi International Trans Inc.,"Milton, Halton",87360.0,104000.0,95680.0,business analyst,2026-03
5548819896,Senior Business Analyst,Centrilogic,"Ontario, Canada",,,,business analyst,2025-12
5668599152,Business Analyst,Turner & Townsend,"Edmonton, Edmonton region",,,,business analyst,2026-03
5494765269,Business Analyst,Sapsol Technologies Inc,Canada,75.0,80.0,77.5,business analyst,2025-11
5672481176,Business Analyst,Maarut,"Montréal East, Montréal",208000.0,208000.0,208000.0,business analyst,2026-03
5668890839,Business Analyst,Swim Recruiting,"Greater Vancouver, British Columbia",,,,business analyst,2026-03
5674644155,Business Analyst,Swim Recruiting,"Greater Vancouver, British Columbia",,,,business analyst,2026-03
5665757162,Business Analyst,Ia Financial Group,"Québec City, Québec",,,,business analyst,2026-03
5607780820,Business Analyst,Alquemy,"Edmonton, Edmonton region",,,,business analyst,2026-01
5669895249,Business Analyst,Connectu,"Abbotsford, Fraser Valley",,,,business analyst,2026-03
5594243374,Business Analyst,Alquemy,"Regina region, Saskatchewan",,,,business analyst,2026-01
5665631097,Business Analyst,Ia Financial Group,Canada,,,,business analyst,2026-03
5635058506,Business Analyst,First Canadian Insurance Corporation,"Clover Bar, Edmonton",,,,business analyst,2026-02
4801479758,Business Analyst,Ideal,Canada,,,,business analyst,2024-07
5648983479,Business Analyst,Paladin Security,"Burnaby, Greater Vancouver",,,,business analyst,2026-02
5649067167,Business Analyst,Aveva,"Calgary, Calgary region",,,,business analyst,2026-02
5654098578,Business Analyst,Future Works,Canada,,,,business analyst,2026-03
5675068224,Business Analyst,Turner & Townsend,"Edmonton, Edmonton region",,,,business analyst,2026-03
5633472417,Business Analyst,"Loyalty Juggernaut, Inc",Canada,,,,business analyst,2026-02
5603713181,Business Analyst,Teleperformance,Canada,,,,business analyst,2026-01
5655292395,Business Analyst,Anglophone School District,"New Brunswick, Canada",58474.0,81770.0,70122.0,business analyst,2026-03
5656753791,Business Analyst,Enerflex Ltd.,"Calgary, Calgary region",,,,business analyst,2026-03
5672276124,Business Analyst,Unsw,"Sydney, Cape Breton",,,,business analyst,2026-03
5673439974,Business Analyst,Unsw,"Sydney, Cape Breton",,,,business analyst,2026-03
5674609807,Business Analyst,Teleperformance,Canada,,,,business analyst,2026-03
5654234533,Business Analyst,Richardson International,"Regina region, Saskatchewan",,,,business analyst,2026-03
5636537220,Business Analyst,Iko,Canada,,,,business analyst,2026-02
5661284574,Business Analyst,Insight Global,"Calgary, Calgary region",,,,business analyst,2026-03
5672912774,Business Analyst,Maarut,"Montréal East, Montréal",83200.0,104000.0,93600.0,business analyst,2026-03
5672920563,Data Scientist,Sobeys,"Toronto, Ontario",,,,data scientist,2026-03
5672917921,Data Scientist,"Canadian Tire Corporation, Limited","Toronto, Ontario",,,,data scientist,2026-03
5672917924,Data Scientist,Canadian Tire,"Toronto, Ontario",,,,data scientist,2026-03
5672917930,Data Scientist,Canadian Tire,"Toronto, Ontario",,,,data scientist,2026-03
5672917882,"Data Scientist, Modeling And Experimentation",Canadian Tire,"Toronto, Ontario",,,,data scientist,2026-03
5672917894,"Data Scientist, Modeling And Experimentation",Canadian Tire Corporation,"Toronto, Ontario",,,,data scientist,2026-03
5672917906,"Data Scientist, Statistics And Modelling - 2 Year Contract","Canadian Tire Corporation, Limited","Toronto, Ontario",,,,data scientist,2026-03
5672917907,"Data Scientist, Statistics And Modelling - 2 Year Contract",Canadian Tire,"Toronto, Ontario",,,,data scientist,2026-03
5636863191,Data Scientist,Scene+,"King and Spadina, City of Toronto",,,,data scientist,2026-02
5668458368,Data Scientist,Ample Insight Inc.,"Toronto, Ontario",,,,data scientist,2026-03
5658751829,Data Scientist,Scene+,"King and Spadina, City of Toronto",,,,data scientist,2026-03
5641465064,Data Scientist,Hellofresh,"Toronto, Ontario",90000.0,100000.0,95000.0,data scientist,2026-02
4870523495,Data Scientist,V15P1Talonnn,"Toronto, Ontario",4500.0,6000.0,5250.0,data scientist,2024-09
5645357192,Data Scientist,Achievers,"Toronto, Ontario",108000.0,150000.0,129000.0,data scientist,2026-02
5183094089,Data Scientist,V15P1Talonnn,"Toronto, Ontario",,,,data scientist,2025-05
5614310665,Data Scientist,Polar Amp,"Union Station, City of Toronto",130000.0,155000.0,142500.0,data scientist,2026-02
5654234870,Data Scientist,Telus,"Toronto, Ontario",,,,data scientist,2026-03
5652170645,Data Scientist,Nielseniq,"Toronto, Ontario",,,,data scientist,2026-03
5590641591,Data Scientist,Canadian Tire Corporation,"Toronto, Ontario",57000.0,88000.0,72500.0,data scientist,2026-01
5671750012,Data Scientist,Snappay,"Etobicoke, Toronto",75000.0,150000.0,112500.0,data scientist,2026-03
5650516931,Data Scientist,Interac Corp.,"Toronto, Ontario",,,,data scientist,2026-03
5671058139,Data Scientist,Tripledot,"Toronto, Ontario",95000.0,115000.0,105000.0,data scientist,2026-03
4870513913,Data Scientist,Riskthinking.Ai,"Harbord, City of Toronto",,,,data scientist,2024-09
5672449565,Data Scientist,Bmo,"Toronto, Ontario",,,,data scientist,2026-03
5652674366,Data Scientist,Cgi,"Toronto, Ontario",80000.0,130000.0,105000.0,data scientist,2026-03
5672917896,"Senior Data Scientist, Predictive Modelling - 2 Year Contract","Canadian Tire Corporation, Limited","Toronto, Ontario",,,,data scientist,2026-03
5672917895,"Senior Data Scientist, Predictive Modelling - 2 Year Contract",Canadian Tire,"Toronto, Ontario",,,,data scientist,2026-03
5518926147,Senior Data Scientist,Massive Insights Inc.,"Toronto, Ontario",,,,data scientist,2025-11
5670076428,Senior Data Scientist,Rockstar,"Toronto, Ontario",,,,data scientist,2026-03
5648437487,Senior Data Scientist,Massive Insights Inc.,"Toronto, Ontario",,,,data scientist,2026-02
5652843232,Data Scientist (Masters),Alignerr,"Toronto, Ontario",,,,data scientist,2026-03
5669970318,Senior Data Scientist,Gorgias,"Toronto, Ontario",,,,data scientist,2026-03
5576342274,Principal Data Scientist,Autotrader.Ca,"Toronto, Ontario",,,,data scientist,2026-01
5250716021,Principal Data Scientist,Autodesk,"Toronto, Ontario",,,,data scientist,2025-06
5665764629,Data Science Manager,Deloitte,"Toronto, Ontario",,,,data scientist,2026-03
5626762904,Data Science Manager,Deloitte,"Toronto, Ontario",,,,data scientist,2026-02
5661288113,Marketing Data Scientist,Insight Global,"Toronto, Ontario",,,,data scientist,2026-03
5436978383,Senior Data Scientist,Description Chubb,"Toronto, Ontario",,,,data scientist,2025-10
5166750812,"Data Scientist, International",Doordash Canada,"Toronto, Ontario",114000.0,142500.0,128250.0,data scientist,2025-04
5620743907,Staff Data Scientist,Clutch Technologies,"Toronto, Ontario",,,,data scientist,2026-02
5660115695,Staff Data Scientist,Clutch Technologies Inc.,"Toronto, Ontario",,,,data scientist,2026-03
5675084956,Data Science Specialist,Mercor,"Toronto, Ontario",,,,data scientist,2026-03
5640347438,Product Data Scientist,Gptzero,"Toronto, Ontario",120000.0,185000.0,152500.0,data scientist,2026-02
5675084986,Data Science Specialist,Mercor,"Toronto, Ontario",,,,data scientist,2026-03
5626762905,Senior Data Scientist,Deloitte,"Toronto, Ontario",,,,data scientist,2026-02
5665764619,Senior Data Scientist,Deloitte,"Toronto, Ontario",,,,data scientist,2026-03
5649067186,Data Scientist (Toronto),Fox Tech,"Toronto, Ontario",,,,data scientist,2026-02
5641499741,Lead Data Scientist,Fullscript,"Toronto, Ontario",,,,data scientist,2026-02
5564891823,Data Science Engineer,Adobe,"Toronto, Ontario",,,,data scientist,2026-01
5649067026,Data Scientist Iii,Td,"Toronto, Ontario",,,,data scientist,2026-02
5628917923,Data Scientist,Larus Technologies,"Ottawa, Ottawa region",,,,data scientist,2026-02
5670495413,Data Scientist,Targeted Talent,"Kitchener, Waterloo region",80000.0,100000.0,90000.0,data scientist,2026-03
5670494738,Data Scientist,Targeted Talent,"Ottawa, Ottawa region",80000.0,100000.0,90000.0,data scientist,2026-03
5658743176,Data Scientist,Bgis,"Markham, York region",82432.0,103040.0,92736.0,data scientist,2026-03
5615903552,Data Scientist,Giatec Scientific Inc.,"Bells Corners, Ottawa",,,,data scientist,2026-02
5658455736,Data Scientist,Giatec Scientific Inc.,"Nepean, Ottawa region",,,,data scientist,2026-03
5656139418,Data Scientist,Targeted Talent,"Ottawa, Ottawa region",,,,data scientist,2026-03
5656138399,Data Scientist,Targeted Talent,"Waterloo, Waterloo region",,,,data scientist,2026-03
5656130394,Data Scientist,Targeted Talent,"Kitchener, Waterloo region",,,,data scientist,2026-03
5631126897,Data Scientist,Larus Technologies,"Ottawa, Ottawa region",100000.0,125000.0,112500.0,data scientist,2026-02
5668462732,Data Scientist,Larus Technologies,"Ottawa, Ottawa region",,,,data scientist,2026-03
5629107621,Data Scientist,Fujitsu,"Ottawa, Ottawa region",,,,data scientist,2026-02
5649427580,Data Scientist,Fujitsu,"Ottawa, Ottawa region",,,,data scientist,2026-02
5585567509,Data Scientist,"Mcafee, Inc.","Ontario, Canada",,,,data scientist,2026-01
5662042280,Data Scientist,Cgi,"Ottawa, Ottawa region",75000.0,125000.0,100000.0,data scientist,2026-03
5640673276,Data Scientist,Adastra Corporation,"Thornhill, York region",,,,data scientist,2026-02
5616036323,Data Scientist,Loblaw Companies,"Brampton, Peel region",0.0,110.0,55.0,data scientist,2026-02
5649067327,"Senior Data Scientist, Data Science Coe",Sun Life,"Waterloo region, Ontario",,,,data scientist,2026-02
5624686534,Junior Data Scientist,Carms,"Ottawa, Ottawa region",,,,data scientist,2026-02
5652612114,Data Scientist/Senior Data Scientist,Kindsight,Canada,,,,data scientist,2026-03
5616882484,Data Scientist,Delan,Canada,,,,data scientist,2026-02
5656964330,Data Scientist,Accurant International,Canada,160000.0,200000.0,180000.0,data scientist,2026-03
5673418482,Data Scientist,Eleks,Canada,,,,data scientist,2026-03
5671012776,Data Scientist,Business Development Bank Of Canada,"Montréal, Québec",,,,data scientist,2026-03
5329699114,Data Scientist,Targeted Talent,Canada,,,,data scientist,2025-07
5670492498,Data Scientist,Targeted Talent,"Vancouver, Greater Vancouver",80000.0,100000.0,90000.0,data scientist,2026-03
5670494818,Data Scientist,Targeted Talent,"Edmonton, Edmonton region",80000.0,100000.0,90000.0,data scientist,2026-03
5670496146,Data Scientist,Targeted Talent,"Halifax, Halifax region",80000.0,100000.0,90000.0,data scientist,2026-03
5670494822,Data Scientist,Targeted Talent,"Saskatoon, Saskatchewan",80000.0,100000.0,90000.0,data scientist,2026-03
5670495293,Data Scientist,Targeted Talent,"Saint John, Saint John region",80000.0,100000.0,90000.0,data scientist,2026-03
5670485287,Data Scientist,Targeted Talent,"Montréal, Québec",80000.0,100000.0,90000.0,data scientist,2026-03
5670484401,Data Scientist,Targeted Talent,"Winnipeg, Winnipeg region",80000.0,100000.0,90000.0,data scientist,2026-03
5670495262,Data Scientist,Targeted Talent,"Calgary, Calgary region",80000.0,100000.0,90000.0,data scientist,2026-03
5670487037,Data Scientist,Targeted Talent,"New Westminster, Greater Vancouver",80000.0,100000.0,90000.0,data scientist,2026-03
5661434725,Data Scientist,Epistemix,Canada,,,,data scientist,2026-03
5673333749,Data Scientist,Ia Financial Group,Canada,,,,data scientist,2026-03
5612252358,Data Scientist,J.D. Irving,"Saint John, Saint John region",,,,data scientist,2026-02
5329708528,Data Scientist,Targeted Talent,Canada,,,,data scientist,2025-07
5656140810,Data Scientist,Targeted Talent,"Montréal, Québec",,,,data scientist,2026-03
5656139610,Data Scientist,Targeted Talent,"Edmonton, Edmonton region",,,,data scientist,2026-03
5656135750,Data Scientist,Targeted Talent,"North Vancouver, Greater Vancouver",,,,data scientist,2026-03
5656140226,Data Scientist,Targeted Talent,"Vancouver, Greater Vancouver",,,,data scientist,2026-03
5656137327,Data Scientist,Targeted Talent,"Saskatoon, Saskatchewan",,,,data scientist,2026-03
5656136775,Data Scientist,Targeted Talent,"Winnipeg, Winnipeg region",,,,data scientist,2026-03
5657364524,Data Scientist,Targeted Talent,"Québec, Canada",,,,data scientist,2026-03
5656128711,Data Scientist,Targeted Talent,"Halifax, Halifax region",,,,data scientist,2026-03
5656136912,Data Scientist,Targeted Talent,"Calgary, Calgary region",,,,data scientist,2026-03
5670373878,Business Intelligence Analyst,Zurich Na,"Toronto, Ontario",,,,business intelligence analyst,2026-03
5674641295,Business Intelligence Analyst,Hsb Canada,"Toronto, Ontario",,,,business intelligence analyst,2026-03
5671227035,Business Intelligence Analyst,Zurich Insurance,"Toronto, Ontario",,,,business intelligence analyst,2026-03
5537090621,Business Intelligence (Bi) Analyst,Fusemachines,"Toronto, Ontario",,,,business intelligence analyst,2025-12
5674478427,"Analyst, Business Intelligence",Environics Analytics,"Church and Wellesley, City of Toronto",65000.0,85000.0,75000.0,business intelligence analyst,2026-03
5366500807,Analyst – Business Intelligence & Data Analytics,Sapling Financial Consultants,"North York, Toronto",,,,business intelligence analyst,2025-08
5580883826,Sr. Compensation Analyst,Corpay,"Toronto, Ontario",,,,business intelligence analyst,2026-01
5586555372,Senior Fp&A Analyst,Corpay,"Toronto, Ontario",,,,business intelligence analyst,2026-01
5673860196,Senior Business Intelligence Analyst,Td Bank,"Markham, York region",,,,business intelligence analyst,2026-03
5645940714,Senior Business Intelligence Analyst,Maritime Ontario Freightworks,"Brampton, Peel region",,,,business intelligence analyst,2026-02
5646552691,"Flight Centre - Business Intelligence Analyst / Developer Ii - Toronto, Canada",Flight Centre,"Ontario, Canada",80000.0,85000.0,82500.0,business intelligence analyst,2026-02
5646574529,"Flight Centre - Business Intelligence Analyst / Developer Ii - Toronto, Canada",Flight Centre,"Ontario, Canada",80000.0,85000.0,82500.0,business intelligence analyst,2026-02
5656605181,"Analyst, Business Intelligence",Fct,"Ontario, Canada",,,,business intelligence analyst,2026-03
5015603186,25-010 Senior Data Developer,Morson,"Pickering, Durham region",166400.0,197600.0,182000.0,business intelligence analyst,2025-01
5433767051,25-167 Data Engineer,Morson,"Oshawa, Durham region",124800.0,187200.0,156000.0,business intelligence analyst,2025-10
5262970041,25-108 Senior Data Engineer,Morson,"Pickering, Durham region",145600.0,187200.0,166400.0,business intelligence analyst,2025-06
5595821797,25-199 - Data Engineer,Morson,"Oshawa, Durham region",191360.0,208000.0,199680.0,business intelligence analyst,2026-01
5646546954,Bi Developer Analyst (Maternity Coverage),Flynn Group Of Companies,"Mississauga, Peel region",62400.0,87360.0,74880.0,business intelligence analyst,2026-02
5649004816,Business Intelligence Analyst,Manulife,Canada,,,,business intelligence analyst,2026-02
5653101389,Business Intelligence Analyst,Secure,"Calgary, Calgary region",,,,business intelligence analyst,2026-03
5661252967,Senior Business Intelligence Analyst,Blackline Safety,Canada,,,,business intelligence analyst,2026-03
5591531716,Senior Business Intelligence Analyst,Themis Solutions,"Vancouver, Greater Vancouver",118000.0,118000.0,118000.0,business intelligence analyst,2026-01
5584548372,Product & Business Intelligence Analyst,Aylo Careers,"Montréal, Québec",,,,business intelligence analyst,2026-01
5620790212,Senior Business Intelligence Analyst,Movable Ink,Canada,,,,business intelligence analyst,2026-02
5668893848,Senior Business Intelligence Analyst,Td,Canada,,,,business intelligence analyst,2026-03
5673550402,Senior Business Intelligence Analyst,Td,Canada,,,,business intelligence analyst,2026-03
5626509137,Business Intelligence Analyst - West Region,Mckesson,"Edmonton, Edmonton region",77600.0,129400.0,103500.0,business intelligence analyst,2026-02
5665756250,"Business Intelligence Analyst, Supply Chain",Irving Business Services,"Saint John region, New Brunswick",,,,business intelligence analyst,2026-03
5665668159,"Business Intelligence Analyst, Supply Chain",J.D. Irving,"Saint John, Saint John region",,,,business intelligence analyst,2026-03
5672340163,Senior Financial Planning & Business Intelligence Analyst,Hillberg & Berk Careers,"Greater Vancouver, British Columbia",90000.0,110000.0,100000.0,business intelligence analyst,2026-03
5603648859,Analyste En Intelligence D'Affaires / Business Intelligence Analyst,Mckesson,"Bas-Saint-Laurent, Québec",70600.0,117600.0,94100.0,business intelligence analyst,2026-01
5465030106,"Analyst, Business Intelligence",Viral Nation,Canada,65000.0,85000.0,75000.0,business intelligence analyst,2025-10
5516284685,Business Intelligence & Strategy – Senior Analyst,Sophos,Canada,103000.0,173000.0,138000.0,business intelligence analyst,2025-11
5653165931,Permanent - Business Intelligence (Bi) Analyst - Microsoft Fabric Specialist (Id682),M3C Recrutement Inc.,"Anjou, Montréal",,,,business intelligence analyst,2026-03
5663954952,"Sr. Analyst, Business Intelligence",Canadian Imperial Bank Of Commerce,Canada,,,,business intelligence analyst,2026-03
5668868661,Financial Analyst – Business Intelligence,Calvert Home Mortgage,"Highfield, Calgary",65000.0,80000.0,72500.0,business intelligence analyst,2026-03
5345240247,It Contract Opportunities | Various Roles,Merak Systems Corporation,Canada,,,,business intelligence analyst,2025-08
5665628581,Analyste Senior En Intelligence D’Affaires / Senior Bi & Analytics Analyst,Mckesson,"Bas-Saint-Laurent, Québec",85400.0,142400.0,113900.0,business intelligence analyst,2026-03
5606452569,Operational Excellence Manager- Business Intelligence And Technology,Mda Space Canada,"Baie-d'Urfé, Montréal",,,,business intelligence analyst,2026-01
5505451263,"Principal Product Manager, Data & Platforms",Viral Nation,Canada,,,,business intelligence analyst,2025-11
5600302053,"Agile Team Lead, Analytics & Business Intelligence",Alberta Motor Association,Canada,,,,business intelligence analyst,2026-01
5662796156,Data Analyst (18-Month Contract),Flipp,Canada,76000.0,80000.0,78000.0,business intelligence analyst,2026-03
5664167002,Business Insights Analyst Ii,Td,Canada,,,,business intelligence analyst,2026-03
5664166909,Manager Gi Journey,Td,Canada,,,,business intelligence analyst,2026-03
5654246360,Business Insights Analyst Ii - Dai,Td,Canada,,,,business intelligence analyst,2026-03
5647634201,Senior Analytics Developer,Maxa Ai,"Anjou, Montréal",,,,business intelligence analyst,2026-02
5673558891,Urgent Data Analyst/Specialist Position,Magna International,"Greater Vancouver, British Columbia",,,,business intelligence analyst,2026-03
4870495656,Candidature Spontanée / Spontaneous Application,Maestro Technologies,"Varennes, Lajemmerais",,,,business intelligence analyst,2024-09
5572087368,Senior Marketing Analyst,Monks,Canada,100000.0,120000.0,110000.0,business intelligence analyst,2026-01
5606106640,Machine Learning Engineer,Astra North Infoteck Inc.,"Toronto, Ontario",10000.0,,10000.0,machine learning engineer,2026-01
5548764319,Machine Learning Engineer,Thrive Career Wellness Platform,"Toronto, Ontario",130000.0,150000.0,140000.0,machine learning engineer,2025-12
4801466889,Machine Learning Engineer,Quincus,"Toronto, Ontario",,,,machine learning engineer,2024-07
5329710314,Machine Learning Engineer,Toparo,"Toronto, Ontario",,,,machine learning engineer,2025-07
5675512658,Machine Learning Engineer,Workday,"Toronto, Ontario",128000.0,192000.0,160000.0,machine learning engineer,2026-03
5662096291,Machine Learning Engineer,"Scribd, Inc.","Toronto, Ontario",,,,machine learning engineer,2026-03
5366010192,Machine Learning Engineer,Td Bank,"Toronto, Ontario",,,,machine learning engineer,2025-08
5646625406,Machine Learning Engineer,Td,"Toronto, Ontario",,,,machine learning engineer,2026-02
5509398509,Machine Learning Engineer,Architech Solutions,"Grange Park, City of Toronto",145600.0,176800.0,161200.0,machine learning engineer,2025-11
5648806116,Principal Machine Learning Engineer,Wiser Solutions,"Toronto, Ontario",,,,machine learning engineer,2026-02
5647225098,Staff Machine Learning Engineer,Wiser Solutions,"Toronto, Ontario",,,,machine learning engineer,2026-02
5636064487,Machine Learning Engineer (Canada),Tiger Analytics Inc.,"Toronto, Ontario",,,,machine learning engineer,2026-02
5628633935,Senior Machine Learning Engineer,Wisedocs Ai,"Grange Park, City of Toronto",,,,machine learning engineer,2026-02
5288019614,Sr. Machine Learning Engineer,Theapplabb,"Central Bay Street, City of Toronto",,,,machine learning engineer,2025-07
5649699594,Sr. Machine Learning Engineer,Theapplabb,"Toronto, Ontario",,,,machine learning engineer,2026-03
5662779714,"Machine Learning Engineer, Growth",Hellofresh,"Toronto, Ontario",125000.0,155000.0,140000.0,machine learning engineer,2026-03
5593548102,"Machine Learning Engineer, Recommendations",Lyft,"Toronto, Ontario",,,,machine learning engineer,2026-01
5645945178,Machine Learning Engineer (Canada),Tiger Analytics Inc.,"Toronto, Ontario",,,,machine learning engineer,2026-02
5261754942,Machine Learning Engineer - Enterprise,Boson Ai,"Toronto, Ontario",,,,machine learning engineer,2025-06
5655406976,Staff Machine Learning Engineer,Tubi,"Toronto, Ontario",,,,machine learning engineer,2026-03
5651101516,Staff Machine Learning Engineer,Wiser Solutions,"Toronto, Ontario",,,,machine learning engineer,2026-03
5651102290,Principal Machine Learning Engineer,Wiser Solutions,"Toronto, Ontario",,,,machine learning engineer,2026-03
5653436269,Ai / Machine Learning Engineer,Thri5 Inc.,"Toronto, Ontario",,,,machine learning engineer,2026-03
5616848772,Senior Machine Learning Engineer,Red Hat,"Toronto, Ontario",,,,machine learning engineer,2026-02
5668458566,Senior Machine Learning Engineer,Wisedocs Ai,"Toronto, Ontario",,,,machine learning engineer,2026-03
5652843240,Sr. Machine Learning Engineer,Bmo,"Toronto, Ontario",,,,machine learning engineer,2026-03
5601291509,Machine Learning Engineer / Data Scientist,Fusemachines,"Toronto, Ontario",,,,machine learning engineer,2026-01
5607853095,"Machine Learning Engineer, Agentic Ai",Loblaw Companies,"Toronto, Ontario",0.0,154.0,77.0,machine learning engineer,2026-01
5508328175,"Senior Machine Learning Engineer, Mapping",Lyft,"Toronto, Ontario",,,,machine learning engineer,2025-11
5619463319,Lead Machine Learning Engineer - Search & Recommendations,Upwork,"Toronto, Ontario",,,,machine learning engineer,2026-02
5549492661,Senior Machine Learning Engineer - Artificial Intelligence,Bloomberg,"Toronto, Ontario",,,,machine learning engineer,2025-12
5659282530,Sr. Machine Learning Engineer (Perception And Tracking),Ouster,"Toronto, Ontario",,,,machine learning engineer,2026-03
5653275771,"Machine Learning Engineering Manager, Model Delivery",Autodesk,"Toronto, Ontario",,,,machine learning engineer,2026-03
5671059189,"Staff Machine Learning Engineer, Mts 2",Ebay,"Toronto, Ontario",,,,machine learning engineer,2026-03
5583493295,"Senior Principal Machine Learning Engineer, Foundational Models",Autodesk,"Toronto, Ontario",,,,machine learning engineer,2026-01
5610652276,Senior Applied Machine Learning Engineer - Search & Recommendations,Upwork,"Toronto, Ontario",,,,machine learning engineer,2026-02
5548649644,"Senior Lead Machine Learning Engineer, Agentic Ai",Upwork,"Toronto, Ontario",,,,machine learning engineer,2025-12
5616003519,"Senior Lead Machine Learning Engineer, Agentic Ai",Upwork,"Toronto, Ontario",,,,machine learning engineer,2026-02
5404679071,"Staff Machine Learning Engineer, Generative Ai (Auth0)",Okta,"Toronto, Ontario",160000.0,240000.0,200000.0,machine learning engineer,2025-09
5655988538,"Ingnieur En Machine Learning/Machine Learning Engineer, Proserve Shared Delivery Team - Data & Ai",Amazon,"Toronto, Ontario",,,,machine learning engineer,2026-03
5639252455,Senior Machine Learning Qa Engineer,Autodesk,"Toronto, Ontario",,,,machine learning engineer,2026-02
5656682936,Senior Staff Machine Learning Platform Engineer,Faire,"Toronto, Ontario",228000.0,313500.0,270750.0,machine learning engineer,2026-03
5470758785,Staff Machine Learning Software Engineer - Agentic Ai,Loblaw Companies,"Toronto, Ontario",145000.0,195000.0,170000.0,machine learning engineer,2025-10
5636409899,"Software Engineer, Machine Learning Co-Op",Bree,"Toronto, Ontario",,,,machine learning engineer,2026-02
5571998978,Sr. Ai Engineer,Theapplabb,"Central Bay Street, City of Toronto",,,,machine learning engineer,2026-01
5649677127,Sr. Ai Engineer,Theapplabb,"Toronto, Ontario",,,,machine learning engineer,2026-03
5426367621,Senior Ml Engineer,Hirevouch,"Toronto, Ontario",,,,machine learning engineer,2025-10
5669323515,Ml Engineer - Generative Ai & Llms (Remote),Ample Insight Inc.,"Toronto, Ontario",,,,machine learning engineer,2026-03
5656139439,Senior Ai/Ml Engineer,Pragmatike,"Toronto, Ontario",,,,machine learning engineer,2026-03
5552108945,Machine Learning Engineer,Fullscript,"Ottawa, Ottawa region",,,,machine learning engineer,2025-12
5669433312,Freelance Machine Learning Engineer,Mindrift,"Ontario, Canada",,,,machine learning engineer,2026-03
5585567312,"Senior Machine Learning Engineer, Vllm",Red Hat,"Ontario, Canada",,,,machine learning engineer,2026-01
5583493294,"Senior Principal Machine Learning Engineer, Foundational Models",Autodesk,"Ontario, Canada",,,,machine learning engineer,2026-01
5649067193,Machine Learning Ip Verification Engineer,Qualcomm,"Markham, York region",,,,machine learning engineer,2026-02
5641801080,Machine Learning Engineer,Your Personal Ai,Canada,,,,machine learning engineer,2026-02
5298024867,Machine Learning Engineer,Viridien,"Calgary, Calgary region",,,,machine learning engineer,2025-07
4801395357,Machine Learning Engineer,Kogniz,"Montréal, Québec",,,,machine learning engineer,2024-07
5669970475,Machine Learning Engineer,Workday,"Greater Vancouver, British Columbia",,,,machine learning engineer,2026-03
5576198112,Machine Learning Engineer,Rad Intel,Canada,100000.0,140000.0,120000.0,machine learning engineer,2026-01
5659289646,Machine Learning Engineer,Cd Projekt Red,"Vancouver, Greater Vancouver",,,,machine learning engineer,2026-03
5655407305,Machine Learning Engineer,Als,"Greater Vancouver, British Columbia",,,,machine learning engineer,2026-03
5673405474,Machine Learning Engineer,Red Hat,Canada,,,,machine learning engineer,2026-03
5644166718,Machine Learning Engineer,Td,Canada,,,,machine learning engineer,2026-02
5617771341,Machine Learning Engineer,Greenhouse,Canada,120000.0,180000.0,150000.0,machine learning engineer,2026-02
5431053711,Machine Learning Engineer,Sanctuary Ai,"Greater Vancouver, British Columbia",,,,machine learning engineer,2025-10
5633551898,Machine Learning Engineer,Als Global,"Montréal, Québec",100000.0,120000.0,110000.0,machine learning engineer,2026-02
5658034635,Machine Learning Engineer,Als,"North Vancouver, Greater Vancouver",,,,machine learning engineer,2026-03
5638554330,Machine Learning Engineer,Helm.Ai,Canada,150000.0,250000.0,200000.0,machine learning engineer,2026-02
5636064480,Machine Learning Engineer (Canada),Two95 International Inc.,"Montréal, Québec",,,,machine learning engineer,2026-02
5669433310,Freelance Machine Learning Engineer,Mindrift,"British Columbia, Canada",,,,machine learning engineer,2026-03
5669433316,Freelance Machine Learning Engineer,Mindrift,"Manitoba, Canada",,,,machine learning engineer,2026-03
5669433317,Freelance Machine Learning Engineer,Mindrift,"Québec, Canada",,,,machine learning engineer,2026-03
5669433311,Freelance Machine Learning Engineer,Mindrift,Canada,,,,machine learning engineer,2026-03
5660704983,Senior Machine Learning Engineer,Datatonic,"Montréal, Québec",125000.0,170000.0,147500.0,machine learning engineer,2026-03
5626512043,Senior Machine Learning Engineer,Keebo,Canada,,,,machine learning engineer,2026-02
5329721872,Senior Machine Learning Engineer,Starboard Recruitment,"Vancouver, Greater Vancouver",,,,machine learning engineer,2025-07
5640272960,Intermediate Machine Learning Engineer,Aviva Employment Services,Canada,90000.0,115000.0,102500.0,machine learning engineer,2026-02
5326539775,Lead Machine Learning Engineer,Datatonic,"Montréal, Québec",175000.0,200000.0,187500.0,machine learning engineer,2025-07
5551076509,Senior Machine Learning Engineer,Aviva Employment Services,Canada,110000.0,145000.0,127500.0,machine learning engineer,2025-12
5658746851,Senior Machine Learning Engineer,Just Eat,Canada,,,,machine learning engineer,2026-03
5576178276,Senior Machine Learning Engineer,Equisoft,Canada,,,,machine learning engineer,2026-01
5616024727,Machine Learning Engineer - Evisort,Workday,"Greater Vancouver, British Columbia",128000.0,192000.0,160000.0,machine learning engineer,2026-02
